num_trabajador,profesor,carrera,unidad,jefe,observaciones,periodo,mov,causa,cat,iD,iM,iA,tD,tM,tA,plan,cve,asig,grupo,teo,pra,tot,hor,salon
800001,RODRIGUEZ LOPEZ KAREN,ING. EN TELECOMUNICACIONES,DIVISIÓN DE CIENCIAS FÍSICO MATEMÁTICAS Y LAS INGENIERÍAS,M.I. MARIA DE LOS ANGELES RAMIREZ,Cambio de grupo,2024-II,B,PRORROGA,"ASG ""B""",24,05,24,19,10,24,2119,8749,SISTEMAS OPERATIVOS,7669,3,2,5,MA JU 08:00 - 10:00,A22915
800001,RODRIGUEZ LOPEZ KAREN,DERECHO EJEMPLO,DIVISIÓN DE DERECHO,JEFE DE DERECHO,Cambio de grupo,2024-II,B,PRORROGA,"ASG ""B""",24,05,24,19,10,24,2119,8749,DERECHO ROMANO,89770,3,2,5,MA JU 08:00 - 10:00,A22915
800002,SOTO HERNANDEZ OSCAR,ING. EN COMPUTACION,DIVISIÓN DE CIENCIAS FÍSICO MATEMÁTICAS Y LAS INGENIERÍAS,M.I. MARIA DE LOS ANGELES RAMIREZ,Cambio de grupo,2024-II,B,OTRO NOMB.,"INT ""A""",08,02,24,07,11,24,2015,3296,SEGURIDAD INFORMATICA,7912,4,2,6,MA JU 11:30 - 12:30,A84563
800002,SOTO HERNANDEZ OSCAR,ING. EN COMPUTACION,DIVISIÓN DE CIENCIAS FÍSICO MATEMÁTICAS Y LAS INGENIERÍAS,M.I. MARIA DE LOS ANGELES RAMIREZ,Cambio de grupo,2024-II,A,ALTA,"ASG ""B""",21,05,24,27,07,24,1279,4872,BASES DE DATOS,3724,2,3,5,LU MA MI 14:30 - 15:30,A67155
800003,GARCIA TORRES VERONICA,MATEMATICAS APLICADAS,DIVISIÓN DE CIENCIAS FÍSICO MATEMÁTICAS Y LAS INGENIERÍAS,M.I. MARIA DE LOS ANGELES RAMIREZ,Sin observaciones,2025-I,A,ALTA,"PRT ""C""",22,06,24,16,08,24,2119,5861,INTELIGENCIA ARTIFICIAL,4566,2,2,4,LU MI 16:00 - 18:00,A18331
800003,GARCIA TORRES VERONICA,MATEMATICAS APLICADAS,DIVISIÓN DE CIENCIAS FÍSICO MATEMÁTICAS Y LAS INGENIERÍAS,M.I. MARIA DE LOS ANGELES RAMIREZ,Sin observaciones,2025-I,C,ALTA,"PRT ""C""",17,05,24,06,07,24,1279,4044,GEOMETRIA ANALITICA,2122,4,0,4,MI VI 08:00 - 09:30,A55597
800003,GARCIA TORRES VERONICA,MATEMATICAS APLICADAS,DIVISIÓN DE CIENCIAS FÍSICO MATEMÁTICAS Y LAS INGENIERÍAS,M.I. MARIA DE LOS ANGELES RAMIREZ,Sin observaciones,2025-I,B,ALTA,"PRT ""C""",02,05,24,03,10,24,2021,5272,COMPILADORES,4346,3,2,5,JU VI 18:30 - 19:30,A38460
800004,FLORES SOTO ELENA,ING. EN COMPUTACION,DIVISIÓN DE CIENCIAS FÍSICO MATEMÁTICAS Y LAS INGENIERÍAS,ING. JORGE ARTURO LOPEZ HERNANDEZ,Sin observaciones,2025-I,B,OTRO NOMB.,"PRT ""C""",03,05,24,07,11,24,2021,3170,SEGURIDAD INFORMATICA,6718,4,2,6,LU MI 10:30 - 11:00,A56082
800004,FLORES SOTO ELENA,ING. EN COMPUTACION,DIVISIÓN DE CIENCIAS FÍSICO MATEMÁTICAS Y LAS INGENIERÍAS,ING. JORGE ARTURO LOPEZ HERNANDEZ,Sin observaciones,2025-I,A,PRORROGA,"ASG ""B""",20,06,24,17,07,24,2021,2697,CALCULO DIFERENCIAL,3200,4,1,5,VI 08:00 - 10:00,A50117
800004,FLORES SOTO ELENA,ING. EN COMPUTACION,DIVISIÓN DE CIENCIAS FÍSICO MATEMÁTICAS Y LAS INGENIERÍAS,ING. JORGE ARTURO LOPEZ HERNANDEZ,Sin observaciones,2025-I,B,ALTA,"INT ""A""",07,06,24,11,08,24,2021,9280,COMPILADORES,9004,3,2,5,VI 07:00 - 09:00,A77784
800005,RODRIGUEZ PEREZ VERONICA,ING. EN TELECOMUNICACIONES,DIVISIÓN DE CIENCIAS FÍSICO MATEMÁTICAS Y LAS INGENIERÍAS,M.C. CARLOS ALBERTO HERNANDEZ,Sin observaciones,2025-I,A,PRORROGA,"ASG ""B""",01,01,24,03,12,24,2119,9938,INTELIGENCIA ARTIFICIAL,1590,2,2,4,VI 16:00 - 17:30,A31379
800005,RODRIGUEZ PEREZ VERONICA,ING. EN TELECOMUNICACIONES,DIVISIÓN DE CIENCIAS FÍSICO MATEMÁTICAS Y LAS INGENIERÍAS,M.C. CARLOS ALBERTO HERNANDEZ,Sin observaciones,2025-I,A,PRORROGA,"INT ""A""",12,02,24,22,08,24,1279,6794,BASES DE DATOS,7658,2,3,5,MI VI 18:00 - 19:00,A45671
800006,SANCHEZ RODRIGUEZ VICTOR,ING. ELECTRICA ELECTRONICA,DIVISIÓN DE CIENCIAS FÍSICO MATEMÁTICAS Y LAS INGENIERÍAS,M.C. CARLOS ALBERTO HERNANDEZ,,2024-II,C,ALTA,"ASG ""B""",13,01,24,28,10,24,2119,4269,SEGURIDAD INFORMATICA,8541,4,2,6,VI 11:00 - 12:00,A24434
800007,RODRIGUEZ GONZALEZ LUCIA,ING. MECATRONICA,DIVISIÓN DE CIENCIAS FÍSICO MATEMÁTICAS Y LAS INGENIERÍAS,M.I. MARIA DE LOS ANGELES RAMIREZ,Cambio de grupo,2025-I,B,PRORROGA,"PRT ""C""",11,01,24,04,09,24,2119,5349,INTELIGENCIA ARTIFICIAL,1626,2,2,4,LU MI 16:30 - 17:00,A19392
800008,ROMERO MARTINEZ PAULA,ING. CIVIL,DIVISIÓN DE CIENCIAS FÍSICO MATEMÁTICAS Y LAS INGENIERÍAS,ING. JORGE ARTURO LOPEZ HERNANDEZ,,2024-I,C,ALTA,"PRT ""C""",17,05,24,22,12,24,2119,6967,BASES DE DATOS,8066,2,3,5,LU MI 17:30 - 19:30,A18331
800008,ROMERO MARTINEZ PAULA,ING. CIVIL,DIVISIÓN DE CIENCIAS FÍSICO MATEMÁTICAS Y LAS INGENIERÍAS,ING. JORGE ARTURO LOPEZ HERNANDEZ,,2024-I,B,OTRO NOMB.,"PRT ""C""",17,03,24,22,10,24,2021,7592,CALCULO DIFERENCIAL,5844,4,1,5,MI VI 09:00 - 10:30,A32643
800009,SANCHEZ GUERRERO PABLO,ING. MECATRONICA,DIVISIÓN DE CIENCIAS FÍSICO MATEMÁTICAS Y LAS INGENIERÍAS,M.I. MARIA DE LOS ANGELES RAMIREZ,Requiere revisión de horario,2024-I,C,ALTA,"PRT ""C""",14,05,24,20,12,24,2021,8618,PROGRAMACION AVANZADA,8238,3,3,6,LU MA MI 17:00 - 19:00,A72348
800010,LOPEZ FLORES KAREN,ING. ELECTRICA ELECTRONICA,DIVISIÓN DE CIENCIAS FÍSICO MATEMÁTICAS Y LAS INGENIERÍAS,M.C. CARLOS ALBERTO HERNANDEZ,Requiere revisión de horario,2024-II,C,OTRO NOMB.,"INT ""A""",22,03,24,08,08,24,2119,1400,PROGRAMACION AVANZADA,1757,3,3,6,MA JU 14:00 - 15:30,A39746
800011,TORRES CASTILLO PAULA,ING. EN TELECOMUNICACIONES,DIVISIÓN DE CIENCIAS FÍSICO MATEMÁTICAS Y LAS INGENIERÍAS,ING. JORGE ARTURO LOPEZ HERNANDEZ,Cambio de grupo,2025-I,C,OTRO NOMB.,"PRT ""C""",25,04,24,08,08,24,2015,1822,SEGURIDAD INFORMATICA,5082,4,2,6,LU MI 14:00 - 15:30,A32643
800012,RODRIGUEZ SOTO SOFIA,ING. ELECTRICA ELECTRONICA,DIVISIÓN DE CIENCIAS FÍSICO MATEMÁTICAS Y LAS INGENIERÍAS,M.C. CARLOS ALBERTO HERNANDEZ,Sin observaciones,2025-I,A,OTRO NOMB.,"ASG ""B""",24,04,24,15,09,24,2119,5543,SISTEMAS OPERATIVOS,9540,3,2,5,LU MA MI 17:00 - 18:30,A25371
800013,CRUZ GONZALEZ ELENA,ING. MECATRONICA,DIVISIÓN DE CIENCIAS FÍSICO MATEMÁTICAS Y LAS INGENIERÍAS,M.C. CARLOS ALBERTO HERNANDEZ,,2024-I,A,PRORROGA,"ASG ""B""",23,02,24,23,08,24,1279,7797,REDES DE COMPUTADORAS,7678,3,2,5,VI 15:30 - 16:00,A41495
800014,MORALES GARCIA PABLO,MATEMATICAS APLICADAS,DIVISIÓN DE CIENCIAS FÍSICO MATEMÁTICAS Y LAS INGENIERÍAS,M.I. MARIA DE LOS ANGELES RAMIREZ,,2024-II,B,OTRO NOMB.,"PRT ""C""",28,04,24,18,12,24,2119,8999,REDES DE COMPUTADORAS,4595,3,2,5,VI 13:30 - 14:30,A81644
800015,TORRES SANCHEZ LETICIA,ING. EN TELECOMUNICACIONES,DIVISIÓN DE CIENCIAS FÍSICO MATEMÁTICAS Y LAS INGENIERÍAS,M.C. CARLOS ALBERTO HERNANDEZ,Requiere revisión de horario,2024-I,A,PRORROGA,"ASG ""B""",19,06,24,01,07,24,2015,3223,COMPILADORES,8564,3,2,5,MA JU 07:30 - 08:00,A52347
800015,TORRES SANCHEZ LETICIA,ING. EN TELECOMUNICACIONES,DIVISIÓN DE CIENCIAS FÍSICO MATEMÁTICAS Y LAS INGENIERÍAS,M.C. CARLOS ALBERTO HERNANDEZ,Requiere revisión de horario,2024-I,C,ALTA,"PRT ""C""",25,04,24,09,10,24,2021,2341,ALGEBRA LINEAL,8705,4,0,4,LU MI 18:00 - 19:30,A21458
800015,TORRES SANCHEZ LETICIA,ING. EN TELECOMUNICACIONES,DIVISIÓN DE CIENCIAS FÍSICO MATEMÁTICAS Y LAS INGENIERÍAS,M.C. CARLOS ALBERTO HERNANDEZ,Requiere revisión de horario,2024-I,B,OTRO NOMB.,"ASG ""B""",25,01,24,08,08,24,1279,3496,BASES DE DATOS,4908,2,3,5,MA JU 14:00 - 16:00,A40871
800016,DIAZ SANCHEZ SOFIA,ING. CIVIL,DIVISIÓN DE CIENCIAS FÍSICO MATEMÁTICAS Y LAS INGENIERÍAS,M.C. CARLOS ALBERTO HERNANDEZ,Cambio de grupo,2024-I,C,ALTA,"INT ""A""",10,01,24,19,07,24,2021,7149,SISTEMAS OPERATIVOS,7498,3,2,5,JU VI 10:00 - 12:00,A37365
800016,DIAZ SANCHEZ SOFIA,ING. CIVIL,DIVISIÓN DE CIENCIAS FÍSICO MATEMÁTICAS Y LAS INGENIERÍAS,M.C. CARLOS ALBERTO HERNANDEZ,Cambio de grupo,2024-I,C,PRORROGA,"INT ""A""",28,06,24,20,07,24,1279,6688,CALCULO DIFERENCIAL,9728,4,1,5,LU MA MI 17:30 - 18:30,A55587
800017,VARGAS CASTILLO OSCAR,MATEMATICAS APLICADAS,DIVISIÓN DE CIENCIAS FÍSICO MATEMÁTICAS Y LAS INGENIERÍAS,M.I. MARIA DE LOS ANGELES RAMIREZ,Cambio de grupo,2024-II,A,PRORROGA,"ASG ""B""",06,06,24,17,12,24,2021,9817,REDES DE COMPUTADORAS,8921,3,2,5,LU MA MI 13:30 - 14:00,A70429
800017,VARGAS CASTILLO OSCAR,MATEMATICAS APLICADAS,DIVISIÓN DE CIENCIAS FÍSICO MATEMÁTICAS Y LAS INGENIERÍAS,M.I. MARIA DE LOS ANGELES RAMIREZ,Cambio de grupo,2024-II,B,PRORROGA,"ASG ""B""",25,04,24,19,11,24,2015,6511,PROGRAMACION AVANZADA,1470,3,3,6,LU MA MI 12:00 - 13:30,A17006
800018,GONZALEZ GUERRERO VERONICA,ING. CIVIL,DIVISIÓN DE CIENCIAS FÍSICO MATEMÁTICAS Y LAS INGENIERÍAS,ING. JORGE ARTURO LOPEZ HERNANDEZ,Requiere revisión de horario,2024-I,C,ALTA,"ASG ""B""",16,05,24,25,08,24,2015,9041,REDES DE COMPUTADORAS,8342,3,2,5,LU MI 08:30 - 09:30,A87484
800019,MORALES DIAZ ANDRES,ING. CIVIL,DIVISIÓN DE CIENCIAS FÍSICO MATEMÁTICAS Y LAS INGENIERÍAS,M.C. CARLOS ALBERTO HERNANDEZ,,2024-II,C,OTRO NOMB.,"PRT ""C""",11,03,24,23,10,24,2021,6023,INTELIGENCIA ARTIFICIAL,5118,2,2,4,MA JU 08:00 - 09:30,A55597
800019,MORALES DIAZ ANDRES,ING. CIVIL,DIVISIÓN DE CIENCIAS FÍSICO MATEMÁTICAS Y LAS INGENIERÍAS,M.C. CARLOS ALBERTO HERNANDEZ,,2024-II,A,PRORROGA,"INT ""A""",07,02,24,24,10,24,2021,9595,SISTEMAS OPERATIVOS,5636,3,2,5,LU MI 10:30 - 11:30,A62856
800019,MORALES DIAZ ANDRES,ING. CIVIL,DIVISIÓN DE CIENCIAS FÍSICO MATEMÁTICAS Y LAS INGENIERÍAS,M.C. CARLOS ALBERTO HERNANDEZ,,2024-II,B,PRORROGA,"INT ""A""",05,03,24,02,07,24,2021,3068,INTELIGENCIA ARTIFICIAL,9042,2,2,4,LU MI 07:30 - 08:00,A80352
800020,HERNANDEZ GONZALEZ ANDRES,ING. EN COMPUTACION,DIVISIÓN DE CIENCIAS FÍSICO MATEMÁTICAS Y LAS INGENIERÍAS,ING. JORGE ARTURO LOPEZ HERNANDEZ,Sin observaciones,2024-II,C,ALTA,"PRT ""C""",05,02,24,26,11,24,2021,2395,BASES DE DATOS,5066,2,3,5,LU MI 15:30 - 17:30,A75042
800021,TORRES SOTO LETICIA,ING. MECATRONICA,DIVISIÓN DE CIENCIAS FÍSICO MATEMÁTICAS Y LAS INGENIERÍAS,M.C. CARLOS ALBERTO HERNANDEZ,Sin observaciones,2024-II,A,ALTA,"ASG ""B""",20,06,24,04,08,24,2119,5335,BASES DE DATOS,2330,2,3,5,MA JU 10:00 - 12:00,A84563
800022,SOTO GUERRERO ANDRES,ING. MECATRONICA,DIVISIÓN DE CIENCIAS FÍSICO MATEMÁTICAS Y LAS INGENIERÍAS,ING. JORGE ARTURO LOPEZ HERNANDEZ,,2024-II,A,ALTA,"INT ""A""",03,06,24,08,09,24,2119,7965,GEOMETRIA ANALITICA,2880,4,0,4,MI VI 10:00 - 11:30,A23156
800022,SOTO GUERRERO ANDRES,ING. MECATRONICA,DIVISIÓN DE CIENCIAS FÍSICO MATEMÁTICAS Y LAS INGENIERÍAS,ING. JORGE ARTURO LOPEZ HERNANDEZ,,2024-II,B,OTRO NOMB.,"PRT ""C""",20,06,24,27,11,24,2021,8195,CALCULO DIFERENCIAL,3037,4,1,5,LU MA MI 18:30 - 20:30,A87484
800023,CASTILLO SOTO LUCIA,ING. CIVIL,DIVISIÓN DE CIENCIAS FÍSICO MATEMÁTICAS Y LAS INGENIERÍAS,ING. JORGE ARTURO LOPEZ HERNANDEZ,Sin observaciones,2025-I,C,PRORROGA,"PRT ""C""",01,01,24,08,12,24,1279,5415,CALCULO DIFERENCIAL,1659,4,1,5,MA JU 14:30 - 15:00,A60615
800024,CASTILLO LOPEZ ANDRES,ING. MECATRONICA,DIVISIÓN DE CIENCIAS FÍSICO MATEMÁTICAS Y LAS INGENIERÍAS,M.I. MARIA DE LOS ANGELES RAMIREZ,,2024-II,A,PRORROGA,"PRT ""C""",11,04,24,23,10,24,2021,7561,SISTEMAS OPERATIVOS,1601,3,2,5,LU MA MI 08:30 - 09:00,A15207
800024,CASTILLO LOPEZ ANDRES,ING. MECATRONICA,DIVISIÓN DE CIENCIAS FÍSICO MATEMÁTICAS Y LAS INGENIERÍAS,M.I. MARIA DE LOS ANGELES RAMIREZ,,2024-II,A,ALTA,"ASG ""B""",22,05,24,15,10,24,1279,4073,BASES DE DATOS,9494,2,3,5,VI 16:30 - 18:30,A31033
800025,NAVARRO PEREZ RICARDO,MATEMATICAS APLICADAS,DIVISIÓN DE CIENCIAS FÍSICO MATEMÁTICAS Y LAS INGENIERÍAS,M.C. CARLOS ALBERTO HERNANDEZ,Sin observaciones,2024-I,C,ALTA,"ASG ""B""",26,02,24,23,08,24,2021,1224,COMPILADORES,7684,3,2,5,LU MI 10:00 - 11:30,A55597
800026,FLORES ROMERO VERONICA,MATEMATICAS APLICADAS,DIVISIÓN DE CIENCIAS FÍSICO MATEMÁTICAS Y LAS INGENIERÍAS,M.I. MARIA DE LOS ANGELES RAMIREZ,Sin observaciones,2024-I,C,PRORROGA,"PRT ""C""",13,02,24,20,11,24,2119,2143,SISTEMAS OPERATIVOS,5526,3,2,5,LU MA MI 12:30 - 13:30,A43087
800027,MORALES CASTILLO PATRICIA,MATEMATICAS APLICADAS,DIVISIÓN DE CIENCIAS FÍSICO MATEMÁTICAS Y LAS INGENIERÍAS,M.C. CARLOS ALBERTO HERNANDEZ,Sin observaciones,2024-II,C,PRORROGA,"ASG ""B""",13,04,24,11,08,24,2119,7274,INTELIGENCIA ARTIFICIAL,4826,2,2,4,LU MA MI 07:30 - 09:30,A72348
800028,PEREZ CASTILLO ROBERTO,ING. EN TELECOMUNICACIONES,DIVISIÓN DE CIENCIAS FÍSICO MATEMÁTICAS Y LAS INGENIERÍAS,M.C. CARLOS ALBERTO HERNANDEZ,Requiere revisión de horario,2024-II,C,PRORROGA,"PRT ""C""",04,05,24,15,07,24,2119,7717,GEOMETRIA ANALITICA,3529,4,0,4,LU MI 14:30 - 15:00,A42571
800028,PEREZ CASTILLO ROBERTO,ING. EN TELECOMUNICACIONES,DIVISIÓN DE CIENCIAS FÍSICO MATEMÁTICAS Y LAS INGENIERÍAS,M.C. CARLOS ALBERTO HERNANDEZ,Requiere revisión de horario,2024-II,C,PRORROGA,"INT ""A""",28,03,24,28,12,24,2015,6188,SEGURIDAD INFORMATICA,8994,4,2,6,MI VI 07:00 - 08:00,A21322
800029,LOPEZ VARGAS OSCAR,ING. ELECTRICA ELECTRONICA,DIVISIÓN DE CIENCIAS FÍSICO MATEMÁTICAS Y LAS INGENIERÍAS,M.C. CARLOS ALBERTO HERNANDEZ,,2024-II,C,OTRO NOMB.,"INT ""A""",01,01,24,11,07,24,2021,6873,CALCULO DIFERENCIAL,7141,4,1,5,LU MA MI 09:00 - 11:00,A58447
800030,SANCHEZ SANCHEZ LUCIA,ING. CIVIL,DIVISIÓN DE CIENCIAS FÍSICO MATEMÁTICAS Y LAS INGENIERÍAS,M.I. MARIA DE LOS ANGELES RAMIREZ,Requiere revisión de horario,2025-I,C,ALTA,"INT ""A""",05,02,24,15,12,24,2021,8529,COMPILADORES,5183,3,2,5,JU VI 07:30 - 08:00,A66461
800031,SOTO DIAZ PABLO,ING. MECATRONICA,DIVISIÓN DE CIENCIAS FÍSICO MATEMÁTICAS Y LAS INGENIERÍAS,M.C. CARLOS ALBERTO HERNANDEZ,Sin observaciones,2025-I,A,OTRO NOMB.,"ASG ""B""",07,04,24,28,10,24,1279,4886,CALCULO DIFERENCIAL,7248,4,1,5,MI VI 12:30 - 14:30,A60735
800032,GONZALEZ GARCIA PABLO,ING. ELECTRICA ELECTRONICA,DIVISIÓN DE CIENCIAS FÍSICO MATEMÁTICAS Y LAS INGENIERÍAS,M.C. CARLOS ALBERTO HERNANDEZ,,2025-I,C,OTRO NOMB.,"INT ""A""",25,02,24,20,09,24,2119,4115,CALCULO DIFERENCIAL,5106,4,1,5,JU VI 19:00 - 21:00,A69878
800032,GONZALEZ GARCIA PABLO,ING. ELECTRICA ELECTRONICA,DIVISIÓN DE CIENCIAS FÍSICO MATEMÁTICAS Y LAS INGENIERÍAS,M.C. CARLOS ALBERTO HERNANDEZ,,2025-I,A,OTRO NOMB.,"ASG ""B""",26,04,24,02,11,24,2021,3153,CALCULO DIFERENCIAL,2476,4,1,5,VI 12:30 - 13:30,A86674
800033,ROMERO ROMERO VERONICA,ING. EN TELECOMUNICACIONES,DIVISIÓN DE CIENCIAS FÍSICO MATEMÁTICAS Y LAS INGENIERÍAS,M.I. MARIA DE LOS ANGELES RAMIREZ,Sin observaciones,2024-II,B,OTRO NOMB.,"INT ""A""",26,01,24,15,07,24,2119,4696,ALGEBRA LINEAL,7511,4,0,4,MI VI 12:00 - 13:30,A43098
800033,ROMERO ROMERO VERONICA,ING. EN TELECOMUNICACIONES,DIVISIÓN DE CIENCIAS FÍSICO MATEMÁTICAS Y LAS INGENIERÍAS,M.I. MARIA DE LOS ANGELES RAMIREZ,Sin observaciones,2024-II,C,OTRO NOMB.,"ASG ""B""",12,06,24,24,12,24,2021,7242,GEOMETRIA ANALITICA,7086,4,0,4,LU MI 17:00 - 18:30,A24434
800034,GUERRERO CRUZ LUCIA,ING. ELECTRICA ELECTRONICA,DIVISIÓN DE CIENCIAS FÍSICO MATEMÁTICAS Y LAS INGENIERÍAS,M.I. MARIA DE LOS ANGELES RAMIREZ,Cambio de grupo,2024-II,B,OTRO NOMB.,"PRT ""C""",05,01,24,02,09,24,2015,2902,SEGURIDAD INFORMATICA,2592,4,2,6,MA JU 15:00 - 16:30,A89172
800034,GUERRERO CRUZ LUCIA,ING. ELECTRICA ELECTRONICA,DIVISIÓN DE CIENCIAS FÍSICO MATEMÁTICAS Y LAS INGENIERÍAS,M.I. MARIA DE LOS ANGELES RAMIREZ,Cambio de grupo,2024-II,C,PRORROGA,"INT ""A""",14,05,24,24,12,24,2119,7797,INTELIGENCIA ARTIFICIAL,2622,2,2,4,LU MA MI 16:30 - 17:00,A22395
800035,SOTO SOTO EDUARDO,ING. MECATRONICA,DIVISIÓN DE CIENCIAS FÍSICO MATEMÁTICAS Y LAS INGENIERÍAS,ING. JORGE ARTURO LOPEZ HERNANDEZ,Cambio de grupo,2024-II,A,ALTA,"PRT ""C""",02,04,24,09,08,24,1279,8450,ALGEBRA LINEAL,2501,4,0,4,JU VI 10:00 - 11:00,A46093
800036,RAMIREZ LOPEZ ADRIAN,ING. EN TELECOMUNICACIONES,DIVISIÓN DE CIENCIAS FÍSICO MATEMÁTICAS Y LAS INGENIERÍAS,M.C. CARLOS ALBERTO HERNANDEZ,,2024-I,A,ALTA,"INT ""A""",26,05,24,01,09,24,2119,3129,SISTEMAS OPERATIVOS,9850,3,2,5,VI 19:00 - 20:00,A83063
800037,DIAZ CRUZ PABLO,ING. MECATRONICA,DIVISIÓN DE CIENCIAS FÍSICO MATEMÁTICAS Y LAS INGENIERÍAS,ING. JORGE ARTURO LOPEZ HERNANDEZ,,2024-II,A,OTRO NOMB.,"INT ""A""",17,01,24,24,07,24,2015,8344,REDES DE COMPUTADORAS,6931,3,2,5,MI VI 16:00 - 17:30,A45973
800038,ROMERO FLORES LETICIA,ING. ELECTRICA ELECTRONICA,DIVISIÓN DE CIENCIAS FÍSICO MATEMÁTICAS Y LAS INGENIERÍAS,ING. JORGE ARTURO LOPEZ HERNANDEZ,,2024-II,B,OTRO NOMB.,"PRT ""C""",22,01,24,16,12,24,2015,2204,REDES DE COMPUTADORAS,2323,3,2,5,VI 16:00 - 17:00,A31379
800038,ROMERO FLORES LETICIA,ING. ELECTRICA ELECTRONICA,DIVISIÓN DE CIENCIAS FÍSICO MATEMÁTICAS Y LAS INGENIERÍAS,ING. JORGE ARTURO LOPEZ HERNANDEZ,,2024-II,C,OTRO NOMB.,"PRT ""C""",18,06,24,11,10,24,2021,8433,COMPILADORES,9282,3,2,5,MI VI 13:00 - 15:00,A66392
800039,RAMIREZ VARGAS LETICIA,ING. EN TELECOMUNICACIONES,DIVISIÓN DE CIENCIAS FÍSICO MATEMÁTICAS Y LAS INGENIERÍAS,M.I. MARIA DE LOS ANGELES RAMIREZ,,2024-II,A,PRORROGA,"INT ""A""",11,04,24,11,12,24,2021,7132,SEGURIDAD INFORMATICA,3500,4,2,6,JU VI 14:00 - 15:00,A82426
800040,DIAZ PEREZ ADRIAN,ING. EN COMPUTACION,DIVISIÓN DE CIENCIAS FÍSICO MATEMÁTICAS Y LAS INGENIERÍAS,M.C. CARLOS ALBERTO HERNANDEZ,Requiere revisión de horario,2025-I,C,ALTA,"INT ""A""",14,03,24,28,12,24,2015,1842,SEGURIDAD INFORMATICA,5712,4,2,6,MI VI 11:30 - 12:30,A81697
800041,CASTILLO CRUZ OSCAR,ING. MECATRONICA,DIVISIÓN DE CIENCIAS FÍSICO MATEMÁTICAS Y LAS INGENIERÍAS,M.C. CARLOS ALBERTO HERNANDEZ,,2024-I,A,ALTA,"INT ""A""",08,04,24,28,11,24,1279,5381,COMPILADORES,1474,3,2,5,MA JU 11:30 - 12:00,A52245
800041,CASTILLO CRUZ OSCAR,ING. MECATRONICA,DIVISIÓN DE CIENCIAS FÍSICO MATEMÁTICAS Y LAS INGENIERÍAS,M.C. CARLOS ALBERTO HERNANDEZ,,2024-I,A,PRORROGA,"ASG ""B""",22,04,24,03,08,24,1279,2503,COMPILADORES,9691,3,2,5,MA JU 13:30 - 14:00,A38653
800042,RODRIGUEZ MORALES SOFIA,ING. EN COMPUTACION,DIVISIÓN DE CIENCIAS FÍSICO MATEMÁTICAS Y LAS INGENIERÍAS,ING. JORGE ARTURO LOPEZ HERNANDEZ,,2024-I,B,PRORROGA,"INT ""A""",22,01,24,09,10,24,2015,8957,BASES DE DATOS,8242,2,3,5,LU MA MI 11:00 - 13:00,A66392
800042,RODRIGUEZ MORALES SOFIA,ING. EN COMPUTACION,DIVISIÓN DE CIENCIAS FÍSICO MATEMÁTICAS Y LAS INGENIERÍAS,ING. JORGE ARTURO LOPEZ HERNANDEZ,,2024-I,B,ALTA,"INT ""A""",22,06,24,19,10,24,2021,1744,CALCULO DIFERENCIAL,4612,4,1,5,LU MA MI 16:00 - 17:00,A36203
800043,GONZALEZ FLORES ELENA,ING. EN COMPUTACION,DIVISIÓN DE CIENCIAS FÍSICO MATEMÁTICAS Y LAS INGENIERÍAS,ING. JORGE ARTURO LOPEZ HERNANDEZ,Sin observaciones,2025-I,A,PRORROGA,"PRT ""C""",13,05,24,23,08,24,2021,2180,SISTEMAS OPERATIVOS,7505,3,2,5,JU VI 07:30 - 08:30,A19326
800044,VARGAS MORALES PAULA,ING. ELECTRICA ELECTRONICA,DIVISIÓN DE CIENCIAS FÍSICO MATEMÁTICAS Y LAS INGENIERÍAS,M.C. CARLOS ALBERTO HERNANDEZ,Sin observaciones,2024-II,B,OTRO NOMB.,"INT ""A""",11,02,24,26,11,24,2015,6928,BASES DE DATOS,2443,2,3,5,LU MA MI 08:00 - 09:30,A89504
800045,TORRES FLORES ELENA,ING. EN TELECOMUNICACIONES,DIVISIÓN DE CIENCIAS FÍSICO MATEMÁTICAS Y LAS INGENIERÍAS,M.I. MARIA DE LOS ANGELES RAMIREZ,,2024-I,C,ALTA,"PRT ""C""",17,05,24,07,09,24,2021,3419,SEGURIDAD INFORMATICA,4871,4,2,6,LU MI 09:30 - 10:30,A81284
800046,LOPEZ SANCHEZ ANDRES,MATEMATICAS APLICADAS,DIVISIÓN DE CIENCIAS FÍSICO MATEMÁTICAS Y LAS INGENIERÍAS,M.C. CARLOS ALBERTO HERNANDEZ,Requiere revisión de horario,2024-II,B,OTRO NOMB.,"INT ""A""",21,06,24,20,09,24,2021,3473,COMPILADORES,8205,3,2,5,LU MI 14:30 - 16:30,A84000
800046,LOPEZ SANCHEZ ANDRES,MATEMATICAS APLICADAS,DIVISIÓN DE CIENCIAS FÍSICO MATEMÁTICAS Y LAS INGENIERÍAS,M.C. CARLOS ALBERTO HERNANDEZ,Requiere revisión de horario,2024-II,C,OTRO NOMB.,"PRT ""C""",17,01,24,10,10,24,2015,1616,ALGEBRA LINEAL,1932,4,0,4,VI 11:00 - 13:00,A39893
800047,TORRES SOTO PABLO,ING. CIVIL,DIVISIÓN DE CIENCIAS FÍSICO MATEMÁTICAS Y LAS INGENIERÍAS,M.C. CARLOS ALBERTO HERNANDEZ,,2024-II,A,OTRO NOMB.,"PRT ""C""",21,02,24,11,11,24,2015,9214,COMPILADORES,3471,3,2,5,LU MI 14:00 - 15:30,A70177
800047,TORRES SOTO PABLO,ING. CIVIL,DIVISIÓN DE CIENCIAS FÍSICO MATEMÁTICAS Y LAS INGENIERÍAS,M.C. CARLOS ALBERTO HERNANDEZ,,2024-II,B,PRORROGA,"ASG ""B""",02,02,24,23,10,24,2015,9586,SISTEMAS OPERATIVOS,9564,3,2,5,MI VI 09:30 - 10:00,A43087
800047,TORRES SOTO PABLO,ING. CIVIL,DIVISIÓN DE CIENCIAS FÍSICO MATEMÁTICAS Y LAS INGENIERÍAS,M.C. CARLOS ALBERTO HERNANDEZ,,2024-II,C,OTRO NOMB.,"PRT ""C""",02,06,24,21,09,24,1279,6401,COMPILADORES,2548,3,2,5,MI VI 17:30 - 18:00,A32319
800048,PEREZ RODRIGUEZ LUCIA,ING. CIVIL,DIVISIÓN DE CIENCIAS FÍSICO MATEMÁTICAS Y LAS INGENIERÍAS,M.C. CARLOS ALBERTO HERNANDEZ,,2024-II,B,OTRO NOMB.,"ASG ""B""",05,05,24,23,07,24,2021,7171,REDES DE COMPUTADORAS,6381,3,2,5,MA JU 17:00 - 19:00,A45741
800049,GARCIA DIAZ RICARDO,ING. EN TELECOMUNICACIONES,DIVISIÓN DE CIENCIAS FÍSICO MATEMÁTICAS Y LAS INGENIERÍAS,ING. JORGE ARTURO LOPEZ HERNANDEZ,,2024-II,C,OTRO NOMB.,"INT ""A""",05,01,24,10,07,24,1279,6517,SISTEMAS OPERATIVOS,3147,3,2,5,MI VI 13:00 - 14:00,A60615
800050,SOTO HERNANDEZ VICTOR,ING. MECATRONICA,DIVISIÓN DE CIENCIAS FÍSICO MATEMÁTICAS Y LAS INGENIERÍAS,M.C. CARLOS ALBERTO HERNANDEZ,Cambio de grupo,2024-I,C,OTRO NOMB.,"ASG ""B""",10,06,24,26,10,24,2119,9749,COMPILADORES,4918,3,2,5,VI 19:30 - 20:30,A29726
800050,SOTO HERNANDEZ VICTOR,ING. MECATRONICA,DIVISIÓN DE CIENCIAS FÍSICO MATEMÁTICAS Y LAS INGENIERÍAS,M.C. CARLOS ALBERTO HERNANDEZ,Cambio de grupo,2024-I,B,PRORROGA,"PRT ""C""",25,03,24,25,10,24,2015,3655,GEOMETRIA ANALITICA,4271,4,0,4,MI VI 09:30 - 10:30,A20071
800050,SOTO HERNANDEZ VICTOR,ING. MECATRONICA,DIVISIÓN DE CIENCIAS FÍSICO MATEMÁTICAS Y LAS INGENIERÍAS,M.C. CARLOS ALBERTO HERNANDEZ,Cambio de grupo,2024-I,A,PRORROGA,"ASG ""B""",23,05,24,28,07,24,2021,2374,SEGURIDAD INFORMATICA,3626,4,2,6,VI 14:00 - 15:30,A39893
800051,GARCIA VARGAS ROBERTO,MATEMATICAS APLICADAS,DIVISIÓN DE CIENCIAS FÍSICO MATEMÁTICAS Y LAS INGENIERÍAS,M.C. CARLOS ALBERTO HERNANDEZ,,2024-I,A,OTRO NOMB.,"ASG ""B""",12,02,24,01,09,24,1279,6493,SEGURIDAD INFORMATICA,3392,4,2,6,MA JU 07:30 - 08:00,A63296
800052,SOTO GUERRERO ALMA,ING. EN COMPUTACION,DIVISIÓN DE CIENCIAS FÍSICO MATEMÁTICAS Y LAS INGENIERÍAS,ING. JORGE ARTURO LOPEZ HERNANDEZ,,2024-I,C,OTRO NOMB.,"ASG ""B""",24,05,24,17,10,24,1279,5720,INTELIGENCIA ARTIFICIAL,4893,2,2,4,VI 08:00 - 09:00,A29131
800052,SOTO GUERRERO ALMA,ING. EN COMPUTACION,DIVISIÓN DE CIENCIAS FÍSICO MATEMÁTICAS Y LAS INGENIERÍAS,ING. JORGE ARTURO LOPEZ HERNANDEZ,,2024-I,C,PRORROGA,"INT ""A""",04,04,24,20,11,24,1279,9443,SEGURIDAD INFORMATICA,4963,4,2,6,JU VI 09:30 - 10:00,A25592
800053,MORALES VARGAS JORGE,ING. ELECTRICA ELECTRONICA,DIVISIÓN DE CIENCIAS FÍSICO MATEMÁTICAS Y LAS INGENIERÍAS,M.C. CARLOS ALBERTO HERNANDEZ,,2025-I,C,ALTA,"ASG ""B""",17,05,24,17,11,24,1279,7397,SEGURIDAD INFORMATICA,8702,4,2,6,LU MI 17:30 - 18:00,A32319
800053,MORALES VARGAS JORGE,ING. ELECTRICA ELECTRONICA,DIVISIÓN DE CIENCIAS FÍSICO MATEMÁTICAS Y LAS INGENIERÍAS,M.C. CARLOS ALBERTO HERNANDEZ,,2025-I,C,PRORROGA,"PRT ""C""",12,02,24,24,12,24,1279,6447,SEGURIDAD INFORMATICA,3185,4,2,6,LU MI 12:30 - 14:30,A81284
800053,MORALES VARGAS JORGE,ING. ELECTRICA ELECTRONICA,DIVISIÓN DE CIENCIAS FÍSICO MATEMÁTICAS Y LAS INGENIERÍAS,M.C. CARLOS ALBERTO HERNANDEZ,,2025-I,B,PRORROGA,"PRT ""C""",21,02,24,26,08,24,1279,8498,GEOMETRIA ANALITICA,1605,4,0,4,VI 10:00 - 11:00,A66302
800054,TORRES NAVARRO ANDRES,ING. MECATRONICA,DIVISIÓN DE CIENCIAS FÍSICO MATEMÁTICAS Y LAS INGENIERÍAS,ING. JORGE ARTURO LOPEZ HERNANDEZ,Cambio de grupo,2024-I,A,PRORROGA,"PRT ""C""",28,06,24,11,09,24,1279,7029,BASES DE DATOS,8159,2,3,5,LU MA MI 18:30 - 19:00,A19675
800055,CASTILLO DIAZ KAREN,ING. MECATRONICA,DIVISIÓN DE CIENCIAS FÍSICO MATEMÁTICAS Y LAS INGENIERÍAS,ING. JORGE ARTURO LOPEZ HERNANDEZ,Cambio de grupo,2024-II,C,OTRO NOMB.,"ASG ""B""",27,02,24,18,09,24,2021,2680,COMPILADORES,2311,3,2,5,VI 17:30 - 18:00,A31969
800056,SANCHEZ SOTO MIGUEL,MATEMATICAS APLICADAS,DIVISIÓN DE CIENCIAS FÍSICO MATEMÁTICAS Y LAS INGENIERÍAS,ING. JORGE ARTURO LOPEZ HERNANDEZ,Cambio de grupo,2024-II,C,OTRO NOMB.,"ASG ""B""",09,06,24,26,07,24,1279,7655,REDES DE COMPUTADORAS,6952,3,2,5,MI VI 19:00 - 20:00,A23156
800056,SANCHEZ SOTO MIGUEL,MATEMATICAS APLICADAS,DIVISIÓN DE CIENCIAS FÍSICO MATEMÁTICAS Y LAS INGENIERÍAS,ING. JORGE ARTURO LOPEZ HERNANDEZ,Cambio de grupo,2024-II,B,PRORROGA,"ASG ""B""",05,01,24,08,12,24,2021,6933,BASES DE DATOS,7272,2,3,5,MI VI 07:00 - 09:00,A66333
800057,LOPEZ MORALES PATRICIA,ING. CIVIL,DIVISIÓN DE CIENCIAS FÍSICO MATEMÁTICAS Y LAS INGENIERÍAS,M.I. MARIA DE LOS ANGELES RAMIREZ,Sin observaciones,2024-II,B,ALTA,"PRT ""C""",04,01,24,24,08,24,2015,9482,PROGRAMACION AVANZADA,7340,3,3,6,MI VI 08:30 - 09:00,A68422
800057,LOPEZ MORALES PATRICIA,ING. CIVIL,DIVISIÓN DE CIENCIAS FÍSICO MATEMÁTICAS Y LAS INGENIERÍAS,M.I. MARIA DE LOS ANGELES RAMIREZ,Sin observaciones,2024-II,B,OTRO NOMB.,"ASG ""B""",23,04,24,07,07,24,2119,2213,CALCULO DIFERENCIAL,8406,4,1,5,MA JU 18:30 - 19:30,A38760
800058,LOPEZ NAVARRO ADRIAN,ING. MECATRONICA,DIVISIÓN DE CIENCIAS FÍSICO MATEMÁTICAS Y LAS INGENIERÍAS,M.I. MARIA DE LOS ANGELES RAMIREZ,,2025-I,C,OTRO NOMB.,"ASG ""B""",26,03,24,17,08,24,1279,4292,SISTEMAS OPERATIVOS,3275,3,2,5,MA JU 19:30 - 20:30,A62856
800058,LOPEZ NAVARRO ADRIAN,ING. MECATRONICA,DIVISIÓN DE CIENCIAS FÍSICO MATEMÁTICAS Y LAS INGENIERÍAS,M.I. MARIA DE LOS ANGELES RAMIREZ,,2025-I,B,OTRO NOMB.,"INT ""A""",26,05,24,05,11,24,1279,2077,GEOMETRIA ANALITICA,6067,4,0,4,LU MA MI 18:30 - 20:30,A58447
800059,PEREZ RODRIGUEZ LUCIA,MATEMATICAS APLICADAS,DIVISIÓN DE CIENCIAS FÍSICO MATEMÁTICAS Y LAS INGENIERÍAS,M.I. MARIA DE LOS ANGELES RAMIREZ,Cambio de grupo,2025-I,A,PRORROGA,"PRT ""C""",21,05,24,06,08,24,2015,9238,INTELIGENCIA ARTIFICIAL,1907,2,2,4,LU MI 15:00 - 16:30,A16695
800060,CRUZ DIAZ KAREN,ING. MECATRONICA,DIVISIÓN DE CIENCIAS FÍSICO MATEMÁTICAS Y LAS INGENIERÍAS,ING. JORGE ARTURO LOPEZ HERNANDEZ,,2024-I,C,OTRO NOMB.,"PRT ""C""",09,02,24,21,09,24,1279,9234,INTELIGENCIA ARTIFICIAL,3762,2,2,4,MI VI 16:00 - 17:00,A73296
800060,CRUZ DIAZ KAREN,ING. MECATRONICA,DIVISIÓN DE CIENCIAS FÍSICO MATEMÁTICAS Y LAS INGENIERÍAS,ING. JORGE ARTURO LOPEZ HERNANDEZ,,2024-I,A,PRORROGA,"PRT ""C""",27,05,24,02,07,24,1279,1744,ALGEBRA LINEAL,5336,4,0,4,JU VI 10:30 - 12:30,A74699
800061,NAVARRO FLORES RICARDO,MATEMATICAS APLICADAS,DIVISIÓN DE CIENCIAS FÍSICO MATEMÁTICAS Y LAS INGENIERÍAS,ING. JORGE ARTURO LOPEZ HERNANDEZ,Cambio de grupo,2024-II,B,OTRO NOMB.,"ASG ""B""",23,01,24,06,10,24,2015,8933,SEGURIDAD INFORMATICA,8609,4,2,6,MA JU 12:00 - 13:30,A26860
800062,TORRES PEREZ MIGUEL,ING. CIVIL,DIVISIÓN DE CIENCIAS FÍSICO MATEMÁTICAS Y LAS INGENIERÍAS,M.C. CARLOS ALBERTO HERNANDEZ,,2024-II,B,OTRO NOMB.,"PRT ""C""",09,04,24,08,08,24,1279,1829,SEGURIDAD INFORMATICA,5754,4,2,6,LU MA MI 16:30 - 17:30,A56082
800063,RODRIGUEZ RAMIREZ JORGE,MATEMATICAS APLICADAS,DIVISIÓN DE CIENCIAS FÍSICO MATEMÁTICAS Y LAS INGENIERÍAS,M.C. CARLOS ALBERTO HERNANDEZ,Sin observaciones,2024-II,B,OTRO NOMB.,"PRT ""C""",01,01,24,13,11,24,2015,4944,GEOMETRIA ANALITICA,4524,4,0,4,MI VI 12:00 - 13:00,A43087
800063,RODRIGUEZ RAMIREZ JORGE,MATEMATICAS APLICADAS,DIVISIÓN DE CIENCIAS FÍSICO MATEMÁTICAS Y LAS INGENIERÍAS,M.C. CARLOS ALBERTO HERNANDEZ,Sin observaciones,2024-II,B,ALTA,"PRT ""C""",10,05,24,01,07,24,2015,3194,GEOMETRIA ANALITICA,5333,4,0,4,JU VI 12:30 - 13:00,A15165
800064,NAVARRO RAMIREZ MIGUEL,ING. CIVIL,DIVISIÓN DE CIENCIAS FÍSICO MATEMÁTICAS Y LAS INGENIERÍAS,M.I. MARIA DE LOS ANGELES RAMIREZ,,2024-II,A,ALTA,"PRT ""C""",09,05,24,22,11,24,1279,3108,INTELIGENCIA ARTIFICIAL,2584,2,2,4,LU MA MI 12:30 - 14:30,A71142
800065,ROMERO TORRES KAREN,ING. EN COMPUTACION,DIVISIÓN DE CIENCIAS FÍSICO MATEMÁTICAS Y LAS INGENIERÍAS,ING. JORGE ARTURO LOPEZ HERNANDEZ,,2024-I,C,OTRO NOMB.,"PRT ""C""",17,04,24,05,11,24,2119,6373,GEOMETRIA ANALITICA,6218,4,0,4,MA JU 13:30 - 15:30,A19675
800065,ROMERO TORRES KAREN,ING. EN COMPUTACION,DIVISIÓN DE CIENCIAS FÍSICO MATEMÁTICAS Y LAS INGENIERÍAS,ING. JORGE ARTURO LOPEZ HERNANDEZ,,2024-I,C,OTRO NOMB.,"PRT ""C""",23,05,24,10,10,24,1279,7035,GEOMETRIA ANALITICA,6427,4,0,4,JU VI 08:30 - 10:30,A39785
800066,GARCIA GUERRERO ANDRES,ING. MECATRONICA,DIVISIÓN DE CIENCIAS FÍSICO MATEMÁTICAS Y LAS INGENIERÍAS,M.C. CARLOS ALBERTO HERNANDEZ,Requiere revisión de horario,2025-I,B,PRORROGA,"ASG ""B""",19,04,24,06,11,24,2015,3421,BASES DE DATOS,4968,2,3,5,LU MI 16:00 - 17:00,A40256
800067,PEREZ VARGAS BLANCA,MATEMATICAS APLICADAS,DIVISIÓN DE CIENCIAS FÍSICO MATEMÁTICAS Y LAS INGENIERÍAS,M.C. CARLOS ALBERTO HERNANDEZ,Requiere revisión de horario,2024-II,B,OTRO NOMB.,"ASG ""B""",23,02,24,17,08,24,2021,8837,BASES DE DATOS,9609,2,3,5,LU MA MI 12:00 - 13:30,A45522
800067,PEREZ VARGAS BLANCA,MATEMATICAS APLICADAS,DIVISIÓN DE CIENCIAS FÍSICO MATEMÁTICAS Y LAS INGENIERÍAS,M.C. CARLOS ALBERTO HERNANDEZ,Requiere revisión de horario,2024-II,C,OTRO NOMB.,"ASG ""B""",20,04,24,07,08,24,2021,5890,CALCULO DIFERENCIAL,4684,4,1,5,VI 19:30 - 21:30,A20116
800068,RODRIGUEZ CASTILLO MIGUEL,ING. CIVIL,DIVISIÓN DE CIENCIAS FÍSICO MATEMÁTICAS Y LAS INGENIERÍAS,M.C. CARLOS ALBERTO HERNANDEZ,,2024-II,C,PRORROGA,"PRT ""C""",13,04,24,27,09,24,2119,5758,INTELIGENCIA ARTIFICIAL,1689,2,2,4,VI 18:00 - 19:30,A31033
800069,CASTILLO RAMIREZ BLANCA,ING. CIVIL,DIVISIÓN DE CIENCIAS FÍSICO MATEMÁTICAS Y LAS INGENIERÍAS,M.I. MARIA DE LOS ANGELES RAMIREZ,Requiere revisión de horario,2025-I,B,PRORROGA,"PRT ""C""",20,06,24,19,08,24,2119,1831,SEGURIDAD INFORMATICA,9700,4,2,6,MA JU 17:00 - 18:00,A88236
800070,CASTILLO MARTINEZ PATRICIA,ING. EN COMPUTACION,DIVISIÓN DE CIENCIAS FÍSICO MATEMÁTICAS Y LAS INGENIERÍAS,M.C. CARLOS ALBERTO HERNANDEZ,,2024-II,C,ALTA,"INT ""A""",16,06,24,07,09,24,2021,5676,GEOMETRIA ANALITICA,1969,4,0,4,LU MI 17:00 - 19:00,A88110
800070,CASTILLO MARTINEZ PATRICIA,ING. EN COMPUTACION,DIVISIÓN DE CIENCIAS FÍSICO MATEMÁTICAS Y LAS INGENIERÍAS,M.C. CARLOS ALBERTO HERNANDEZ,,2024-II,A,PRORROGA,"ASG ""B""",27,02,24,02,10,24,2015,4052,REDES DE COMPUTADORAS,5742,3,2,5,LU MI 07:30 - 09:30,A25662
800071,SOTO NAVARRO KAREN,MATEMATICAS APLICADAS,DIVISIÓN DE CIENCIAS FÍSICO MATEMÁTICAS Y LAS INGENIERÍAS,ING. JORGE ARTURO LOPEZ HERNANDEZ,Requiere revisión de horario,2024-II,A,ALTA,"PRT ""C""",11,02,24,24,10,24,2021,4050,SEGURIDAD INFORMATICA,1230,4,2,6,JU VI 12:30 - 14:30,A80163
800072,TORRES VARGAS KAREN,ING. MECATRONICA,DIVISIÓN DE CIENCIAS FÍSICO MATEMÁTICAS Y LAS INGENIERÍAS,ING. JORGE ARTURO LOPEZ HERNANDEZ,Sin observaciones,2025-I,C,OTRO NOMB.,"PRT ""C""",16,03,24,08,07,24,2021,7284,SISTEMAS OPERATIVOS,4858,3,2,5,LU MA MI 19:30 - 20:00,A84000
800073,GARCIA GONZALEZ MIGUEL,ING. ELECTRICA ELECTRONICA,DIVISIÓN DE CIENCIAS FÍSICO MATEMÁTICAS Y LAS INGENIERÍAS,ING. JORGE ARTURO LOPEZ HERNANDEZ,,2025-I,B,ALTA,"ASG ""B""",06,04,24,22,11,24,2021,2923,CALCULO DIFERENCIAL,5833,4,1,5,VI 16:00 - 17:00,A55118
800074,GUERRERO DIAZ VICTOR,ING. ELECTRICA ELECTRONICA,DIVISIÓN DE CIENCIAS FÍSICO MATEMÁTICAS Y LAS INGENIERÍAS,M.C. CARLOS ALBERTO HERNANDEZ,Sin observaciones,2025-I,A,ALTA,"PRT ""C""",25,02,24,22,11,24,1279,9609,PROGRAMACION AVANZADA,8319,3,3,6,MI VI 18:30 - 19:30,A31032
800074,GUERRERO DIAZ VICTOR,ING. ELECTRICA ELECTRONICA,DIVISIÓN DE CIENCIAS FÍSICO MATEMÁTICAS Y LAS INGENIERÍAS,M.C. CARLOS ALBERTO HERNANDEZ,Sin observaciones,2025-I,B,ALTA,"PRT ""C""",07,05,24,18,08,24,2119,6375,INTELIGENCIA ARTIFICIAL,9525,2,2,4,LU MA MI 08:00 - 10:00,A11074
800075,SOTO HERNANDEZ LETICIA,ING. EN TELECOMUNICACIONES,DIVISIÓN DE CIENCIAS FÍSICO MATEMÁTICAS Y LAS INGENIERÍAS,M.C. CARLOS ALBERTO HERNANDEZ,Sin observaciones,2024-II,A,PRORROGA,"ASG ""B""",15,06,24,26,09,24,1279,7487,INTELIGENCIA ARTIFICIAL,5169,2,2,4,LU MI 18:00 - 20:00,A14478
800076,LOPEZ NAVARRO ROBERTO,ING. EN COMPUTACION,DIVISIÓN DE CIENCIAS FÍSICO MATEMÁTICAS Y LAS INGENIERÍAS,M.I. MARIA DE LOS ANGELES RAMIREZ,,2024-II,C,OTRO NOMB.,"INT ""A""",25,06,24,24,12,24,2015,7135,SISTEMAS OPERATIVOS,7266,3,2,5,LU MA MI 13:30 - 14:30,A38760
800077,DIAZ MARTINEZ JORGE,ING. CIVIL,DIVISIÓN DE CIENCIAS FÍSICO MATEMÁTICAS Y LAS INGENIERÍAS,M.I. MARIA DE LOS ANGELES RAMIREZ,Requiere revisión de horario,2024-I,B,PRORROGA,"INT ""A""",27,01,24,25,07,24,2021,8585,PROGRAMACION AVANZADA,9920,3,3,6,LU MA MI 15:30 - 16:30,A58819
800077,DIAZ MARTINEZ JORGE,ING. CIVIL,DIVISIÓN DE CIENCIAS FÍSICO MATEMÁTICAS Y LAS INGENIERÍAS,M.I. MARIA DE LOS ANGELES RAMIREZ,Requiere revisión de horario,2024-I,A,PRORROGA,"PRT ""C""",07,06,24,25,07,24,1279,7868,CALCULO DIFERENCIAL,1256,4,1,5,MA JU 10:00 - 11:00,A75042
800078,HERNANDEZ CRUZ ROBERTO,MATEMATICAS APLICADAS,DIVISIÓN DE CIENCIAS FÍSICO MATEMÁTICAS Y LAS INGENIERÍAS,M.I. MARIA DE LOS ANGELES RAMIREZ,,2025-I,B,ALTA,"PRT ""C""",05,05,24,10,08,24,2021,6253,BASES DE DATOS,4881,2,3,5,VI 09:00 - 10:30,A46382
800079,MORALES SANCHEZ VICTOR,ING. CIVIL,DIVISIÓN DE CIENCIAS FÍSICO MATEMÁTICAS Y LAS INGENIERÍAS,M.I. MARIA DE LOS ANGELES RAMIREZ,,2024-II,A,ALTA,"ASG ""B""",26,05,24,11,12,24,2015,7688,REDES DE COMPUTADORAS,3444,3,2,5,VI 13:00 - 15:00,A72348
800079,MORALES SANCHEZ VICTOR,ING. CIVIL,DIVISIÓN DE CIENCIAS FÍSICO MATEMÁTICAS Y LAS INGENIERÍAS,M.I. MARIA DE LOS ANGELES RAMIREZ,,2024-II,B,OTRO NOMB.,"INT ""A""",26,04,24,02,11,24,2015,7824,SISTEMAS OPERATIVOS,9683,3,2,5,MA JU 13:00 - 14:30,A36203
800079,MORALES SANCHEZ VICTOR,ING. CIVIL,DIVISIÓN DE CIENCIAS FÍSICO MATEMÁTICAS Y LAS INGENIERÍAS,M.I. MARIA DE LOS ANGELES RAMIREZ,,2024-II,C,OTRO NOMB.,"PRT ""C""",28,03,24,03,11,24,2119,1844,GEOMETRIA ANALITICA,5398,4,0,4,LU MA MI 17:00 - 18:00,A83357
800080,NAVARRO RAMIREZ ANDRES,ING. EN TELECOMUNICACIONES,DIVISIÓN DE CIENCIAS FÍSICO MATEMÁTICAS Y LAS INGENIERÍAS,M.I. MARIA DE LOS ANGELES RAMIREZ,,2024-I,B,OTRO NOMB.,"PRT ""C""",24,01,24,24,10,24,2119,4350,PROGRAMACION AVANZADA,7498,3,3,6,MA JU 15:30 - 16:00,A43325
800081,DIAZ FLORES VERONICA,ING. MECATRONICA,DIVISIÓN DE CIENCIAS FÍSICO MATEMÁTICAS Y LAS INGENIERÍAS,M.C. CARLOS ALBERTO HERNANDEZ,Sin observaciones,2024-II,C,OTRO NOMB.,"PRT ""C""",25,03,24,07,09,24,2021,7781,GEOMETRIA ANALITICA,1749,4,0,4,MI VI 10:00 - 11:00,A57566
800082,VARGAS FLORES PATRICIA,ING. EN TELECOMUNICACIONES,DIVISIÓN DE CIENCIAS FÍSICO MATEMÁTICAS Y LAS INGENIERÍAS,M.I. MARIA DE LOS ANGELES RAMIREZ,,2024-II,C,PRORROGA,"INT ""A""",16,05,24,21,12,24,2021,5216,PROGRAMACION AVANZADA,9005,3,3,6,JU VI 17:30 - 18:00,A71217
800083,PEREZ NAVARRO ANDRES,ING. EN TELECOMUNICACIONES,DIVISIÓN DE CIENCIAS FÍSICO MATEMÁTICAS Y LAS INGENIERÍAS,M.C. CARLOS ALBERTO HERNANDEZ,Cambio de grupo,2024-I,C,PRORROGA,"ASG ""B""",27,06,24,02,07,24,2015,3252,SEGURIDAD INFORMATICA,4791,4,2,6,LU MI 18:00 - 19:00,A40871
800084,HERNANDEZ GUERRERO SOFIA,MATEMATICAS APLICADAS,DIVISIÓN DE CIENCIAS FÍSICO MATEMÁTICAS Y LAS INGENIERÍAS,M.C. CARLOS ALBERTO HERNANDEZ,Sin observaciones,2024-I,A,OTRO NOMB.,"INT ""A""",14,01,24,01,11,24,2021,9777,INTELIGENCIA ARTIFICIAL,5697,2,2,4,LU MI 15:30 - 16:30,A11851
800085,CRUZ RAMIREZ SOFIA,ING. CIVIL,DIVISIÓN DE CIENCIAS FÍSICO MATEMÁTICAS Y LAS INGENIERÍAS,M.I. MARIA DE LOS ANGELES RAMIREZ,,2024-II,B,PRORROGA,"PRT ""C""",12,04,24,15,11,24,2119,4700,SEGURIDAD INFORMATICA,5914,4,2,6,JU VI 08:00 - 09:00,A87484
800085,CRUZ RAMIREZ SOFIA,ING. CIVIL,DIVISIÓN DE CIENCIAS FÍSICO MATEMÁTICAS Y LAS INGENIERÍAS,M.I. MARIA DE LOS ANGELES RAMIREZ,,2024-II,C,ALTA,"INT ""A""",02,06,24,01,12,24,2119,2354,GEOMETRIA ANALITICA,9189,4,0,4,LU MA MI 17:30 - 19:30,A69878
800086,RAMIREZ MORALES ANDRES,ING. MECATRONICA,DIVISIÓN DE CIENCIAS FÍSICO MATEMÁTICAS Y LAS INGENIERÍAS,ING. JORGE ARTURO LOPEZ HERNANDEZ,,2025-I,A,OTRO NOMB.,"INT ""A""",19,06,24,02,08,24,2021,1256,INTELIGENCIA ARTIFICIAL,4394,2,2,4,MI VI 09:30 - 10:30,A46382
800086,RAMIREZ MORALES ANDRES,ING. MECATRONICA,DIVISIÓN DE CIENCIAS FÍSICO MATEMÁTICAS Y LAS INGENIERÍAS,ING. JORGE ARTURO LOPEZ HERNANDEZ,,2025-I,B,ALTA,"INT ""A""",27,04,24,22,11,24,2021,7288,COMPILADORES,3292,3,2,5,JU VI 18:00 - 20:00,A83603
800086,RAMIREZ MORALES ANDRES,ING. MECATRONICA,DIVISIÓN DE CIENCIAS FÍSICO MATEMÁTICAS Y LAS INGENIERÍAS,ING. JORGE ARTURO LOPEZ HERNANDEZ,,2025-I,B,OTRO NOMB.,"ASG ""B""",08,01,24,11,11,24,2015,6347,REDES DE COMPUTADORAS,1485,3,2,5,JU VI 11:30 - 12:00,A41512
800087,VARGAS SANCHEZ PABLO,ING. ELECTRICA ELECTRONICA,DIVISIÓN DE CIENCIAS FÍSICO MATEMÁTICAS Y LAS INGENIERÍAS,M.I. MARIA DE LOS ANGELES RAMIREZ,,2025-I,A,ALTA,"ASG ""B""",23,01,24,03,09,24,2119,7225,PROGRAMACION AVANZADA,3527,3,3,6,JU VI 13:30 - 14:00,A11851
800088,SOTO DIAZ VERONICA,ING. EN COMPUTACION,DIVISIÓN DE CIENCIAS FÍSICO MATEMÁTICAS Y LAS INGENIERÍAS,ING. JORGE ARTURO LOPEZ HERNANDEZ,,2024-I,B,PRORROGA,"ASG ""B""",18,05,24,14,07,24,1279,2468,INTELIGENCIA ARTIFICIAL,6798,2,2,4,MI VI 08:30 - 09:00,A43098
800089,LOPEZ NAVARRO EDUARDO,ING. CIVIL,DIVISIÓN DE CIENCIAS FÍSICO MATEMÁTICAS Y LAS INGENIERÍAS,M.C. CARLOS ALBERTO HERNANDEZ,,2025-I,A,PRORROGA,"ASG ""B""",09,03,24,09,10,24,2119,2036,SISTEMAS OPERATIVOS,3739,3,2,5,LU MA MI 11:30 - 12:00,A43953
800090,CRUZ CASTILLO SOFIA,ING. CIVIL,DIVISIÓN DE CIENCIAS FÍSICO MATEMÁTICAS Y LAS INGENIERÍAS,ING. JORGE ARTURO LOPEZ HERNANDEZ,Sin observaciones,2024-I,C,OTRO NOMB.,"INT ""A""",13,03,24,27,11,24,2015,6399,BASES DE DATOS,8212,2,3,5,VI 13:00 - 14:30,A15207
800091,CASTILLO RODRIGUEZ JORGE,MATEMATICAS APLICADAS,DIVISIÓN DE CIENCIAS FÍSICO MATEMÁTICAS Y LAS INGENIERÍAS,M.I. MARIA DE LOS ANGELES RAMIREZ,,2025-I,A,OTRO NOMB.,"PRT ""C""",19,02,24,11,10,24,2021,7437,GEOMETRIA ANALITICA,6980,4,0,4,LU MI 16:00 - 18:00,A77542
800091,CASTILLO RODRIGUEZ JORGE,MATEMATICAS APLICADAS,DIVISIÓN DE CIENCIAS FÍSICO MATEMÁTICAS Y LAS INGENIERÍAS,M.I. MARIA DE LOS ANGELES RAMIREZ,,2025-I,B,ALTA,"ASG ""B""",24,04,24,23,08,24,2015,5773,BASES DE DATOS,2133,2,3,5,LU MA MI 17:30 - 18:30,A22226
800092,PEREZ VARGAS PAULA,ING. EN COMPUTACION,DIVISIÓN DE CIENCIAS FÍSICO MATEMÁTICAS Y LAS INGENIERÍAS,M.I. MARIA DE LOS ANGELES RAMIREZ,Requiere revisión de horario,2024-II,A,OTRO NOMB.,"PRT ""C""",17,06,24,14,11,24,1279,6890,INTELIGENCIA ARTIFICIAL,9796,2,2,4,MI VI 17:00 - 18:00,A18716
800093,DIAZ SANCHEZ SOFIA,ING. EN COMPUTACION,DIVISIÓN DE CIENCIAS FÍSICO MATEMÁTICAS Y LAS INGENIERÍAS,M.C. CARLOS ALBERTO HERNANDEZ,Cambio de grupo,2025-I,B,PRORROGA,"PRT ""C""",26,04,24,04,07,24,1279,5239,ALGEBRA LINEAL,4637,4,0,4,MI VI 18:00 - 19:30,A45718
800093,DIAZ SANCHEZ SOFIA,ING. EN COMPUTACION,DIVISIÓN DE CIENCIAS FÍSICO MATEMÁTICAS Y LAS INGENIERÍAS,M.C. CARLOS ALBERTO HERNANDEZ,Cambio de grupo,2025-I,A,PRORROGA,"ASG ""B""",23,05,24,05,09,24,1279,8909,COMPILADORES,2712,3,2,5,VI 13:00 - 14:00,A19392
800094,RODRIGUEZ SOTO BLANCA,ING. CIVIL,DIVISIÓN DE CIENCIAS FÍSICO MATEMÁTICAS Y LAS INGENIERÍAS,M.I. MARIA DE LOS ANGELES RAMIREZ,,2024-II,C,ALTA,"PRT ""C""",11,01,24,10,07,24,1279,1370,GEOMETRIA ANALITICA,6620,4,0,4,JU VI 08:00 - 10:00,A70429
800095,SANCHEZ RODRIGUEZ ADRIAN,MATEMATICAS APLICADAS,DIVISIÓN DE CIENCIAS FÍSICO MATEMÁTICAS Y LAS INGENIERÍAS,M.I. MARIA DE LOS ANGELES RAMIREZ,,2024-II,A,ALTA,"ASG ""B""",21,06,24,14,10,24,1279,4232,SISTEMAS OPERATIVOS,8365,3,2,5,MI VI 13:30 - 14:30,A68422
800095,SANCHEZ RODRIGUEZ ADRIAN,MATEMATICAS APLICADAS,DIVISIÓN DE CIENCIAS FÍSICO MATEMÁTICAS Y LAS INGENIERÍAS,M.I. MARIA DE LOS ANGELES RAMIREZ,,2024-II,B,OTRO NOMB.,"PRT ""C""",19,01,24,26,11,24,2119,6993,SEGURIDAD INFORMATICA,6340,4,2,6,MA JU 14:00 - 15:30,A45741
800096,RODRIGUEZ GUERRERO PAULA,ING. CIVIL,DIVISIÓN DE CIENCIAS FÍSICO MATEMÁTICAS Y LAS INGENIERÍAS,M.I. MARIA DE LOS ANGELES RAMIREZ,Requiere revisión de horario,2024-I,A,PRORROGA,"PRT ""C""",20,02,24,27,12,24,2021,2388,GEOMETRIA ANALITICA,3194,4,0,4,VI 08:00 - 09:30,A66392
800097,PEREZ ROMERO PAULA,MATEMATICAS APLICADAS,DIVISIÓN DE CIENCIAS FÍSICO MATEMÁTICAS Y LAS INGENIERÍAS,M.C. CARLOS ALBERTO HERNANDEZ,,2025-I,C,ALTA,"ASG ""B""",16,06,24,18,12,24,2119,3733,SISTEMAS OPERATIVOS,9022,3,2,5,VI 09:00 - 10:30,A66333
800098,GARCIA CASTILLO PATRICIA,ING. EN TELECOMUNICACIONES,DIVISIÓN DE CIENCIAS FÍSICO MATEMÁTICAS Y LAS INGENIERÍAS,M.I. MARIA DE LOS ANGELES RAMIREZ,Requiere revisión de horario,2025-I,A,PRORROGA,"INT ""A""",22,04,24,14,12,24,2015,9006,REDES DE COMPUTADORAS,3740,3,2,5,LU MI 16:00 - 17:00,A71589
800098,GARCIA CASTILLO PATRICIA,ING. EN TELECOMUNICACIONES,DIVISIÓN DE CIENCIAS FÍSICO MATEMÁTICAS Y LAS INGENIERÍAS,M.I. MARIA DE LOS ANGELES RAMIREZ,Requiere revisión de horario,2025-I,C,ALTA,"PRT ""C""",10,02,24,25,10,24,2015,9369,INTELIGENCIA ARTIFICIAL,2854,2,2,4,MI VI 08:30 - 10:30,A71142
800099,SOTO NAVARRO BLANCA,MATEMATICAS APLICADAS,DIVISIÓN DE CIENCIAS FÍSICO MATEMÁTICAS Y LAS INGENIERÍAS,ING. JORGE ARTURO LOPEZ HERNANDEZ,Cambio de grupo,2025-I,C,OTRO NOMB.,"ASG ""B""",28,01,24,15,09,24,2021,2425,CALCULO DIFERENCIAL,8193,4,1,5,LU MI 19:00 - 20:00,A13757
800099,SOTO NAVARRO BLANCA,MATEMATICAS APLICADAS,DIVISIÓN DE CIENCIAS FÍSICO MATEMÁTICAS Y LAS INGENIERÍAS,ING. JORGE ARTURO LOPEZ HERNANDEZ,Cambio de grupo,2025-I,C,OTRO NOMB.,"INT ""A""",21,04,24,06,11,24,2119,4385,COMPILADORES,4390,3,2,5,LU MI 16:30 - 18:30,A81010
800100,RODRIGUEZ FLORES RICARDO,ING. CIVIL,DIVISIÓN DE CIENCIAS FÍSICO MATEMÁTICAS Y LAS INGENIERÍAS,M.I. MARIA DE LOS ANGELES RAMIREZ,Requiere revisión de horario,2025-I,C,PRORROGA,"ASG ""B""",25,04,24,02,09,24,2119,3174,SISTEMAS OPERATIVOS,5090,3,2,5,MA JU 18:30 - 19:30,A11942
800100,RODRIGUEZ FLORES RICARDO,ING. CIVIL,DIVISIÓN DE CIENCIAS FÍSICO MATEMÁTICAS Y LAS INGENIERÍAS,M.I. MARIA DE LOS ANGELES RAMIREZ,Requiere revisión de horario,2025-I,C,PRORROGA,"PRT ""C""",19,06,24,09,12,24,2015,7146,SISTEMAS OPERATIVOS,8405,3,2,5,LU MI 17:00 - 18:30,A49469
